{"cameraMode":{"drawMode":0,"name":"Shaded","section":"Shading Mode"},"sceneLighting":false,"audioPlay":false,"sceneViewState":{"m_AlwaysRefresh":false,"showFog":true,"showSkybox":false,"showFlares":true,"showImageEffects":true,"showParticleSystems":true,"showVisualEffectGraphs":true,"m_FxEnabled":true},"in2DMode":false,"pivot":{"x":0.4422888159751892,"y":1.6747150421142579,"z":-0.5498372316360474},"rotation":{"x":0.0028301626443862917,"y":-0.9652307629585266,"z":0.26123178005218508,"w":0.010412583127617836},"size":0.8660253882408142,"orthographic":false}