{"cameraMode":{"drawMode":0,"name":"Shaded","section":"Shading Mode"},"sceneLighting":false,"audioPlay":false,"sceneViewState":{"m_AlwaysRefresh":false,"showFog":true,"showSkybox":false,"showFlares":true,"showImageEffects":true,"showParticleSystems":true,"showVisualEffectGraphs":true,"m_FxEnabled":true},"in2DMode":false,"pivot":{"x":0.004061520099639893,"y":1.0799999237060547,"z":0.15622478723526},"rotation":{"x":0.12868176400661469,"y":-0.8433842062950134,"z":0.4671225845813751,"w":0.23231010138988496},"size":0.8660253882408142,"orthographic":false}