{"cameraMode":{"drawMode":0,"name":"Shaded","section":"Shading Mode"},"sceneLighting":false,"audioPlay":false,"sceneViewState":{"m_AlwaysRefresh":false,"showFog":true,"showSkybox":false,"showFlares":true,"showImageEffects":true,"showParticleSystems":true,"showVisualEffectGraphs":true,"m_FxEnabled":true},"in2DMode":false,"pivot":{"x":960.4730224609375,"y":539.7715454101563,"z":0.5545725226402283},"rotation":{"x":0.030480334535241128,"y":0.9693021178245544,"z":-0.1827089935541153,"w":0.1617022603750229},"size":0.31041476130485537,"orthographic":false}