{"cameraMode":{"drawMode":0,"name":"Shaded","section":"Shading Mode"},"sceneLighting":false,"audioPlay":false,"sceneViewState":{"m_AlwaysRefresh":false,"showFog":true,"showSkybox":false,"showFlares":true,"showImageEffects":true,"showParticleSystems":true,"showVisualEffectGraphs":true,"m_FxEnabled":true},"in2DMode":false,"pivot":{"x":959.5573120117188,"y":540.5313110351563,"z":0.9253800511360169},"rotation":{"x":0.009587992914021016,"y":0.9359737634658814,"z":-0.02556753158569336,"w":0.35102272033691409},"size":0.31041476130485537,"orthographic":false}