{"cameraMode":{"drawMode":0,"name":"Shaded","section":"Shading Mode"},"sceneLighting":false,"audioPlay":false,"sceneViewState":{"m_AlwaysRefresh":false,"showFog":true,"showSkybox":false,"showFlares":true,"showImageEffects":true,"showParticleSystems":true,"showVisualEffectGraphs":true,"m_FxEnabled":true},"in2DMode":false,"pivot":{"x":958.6370239257813,"y":541.6661987304688,"z":-0.6901035308837891},"rotation":{"x":0.004614426754415035,"y":0.985252857208252,"z":-0.026913918554782869,"w":0.16892369091510774},"size":12.12435531616211,"orthographic":false}