{"cameraMode":{"drawMode":0,"name":"Shaded","section":"Shading Mode"},"sceneLighting":false,"audioPlay":false,"sceneViewState":{"m_AlwaysRefresh":false,"showFog":true,"showSkybox":false,"showFlares":true,"showImageEffects":true,"showParticleSystems":true,"showVisualEffectGraphs":true,"m_FxEnabled":true},"in2DMode":false,"pivot":{"x":0.5603251457214356,"y":0.016721010208129884,"z":0.031208038330078126},"rotation":{"x":0.08050205558538437,"y":0.13384471833705903,"z":-0.010804308578372002,"w":0.9877059459686279},"size":6.294521331787109,"orthographic":false}